{"cameraMode":{"drawMode":0,"name":"Shaded","section":"Shading Mode"},"sceneLighting":true,"audioPlay":false,"sceneViewState":{"m_AlwaysRefresh":false,"showFog":true,"showSkybox":true,"showFlares":true,"showImageEffects":true,"showParticleSystems":true,"showVisualEffectGraphs":true,"m_FxEnabled":true},"in2DMode":false,"pivot":{"x":-126.53948974609375,"y":20.341251373291017,"z":22.145835876464845},"rotation":{"x":-0.00026317787705920637,"y":0.9953241348266602,"z":-0.09674762934446335,"w":-0.002690313383936882},"size":5.227773666381836,"orthographic":false}